ハッシュタグキーワード,
トワニー,固定
twany,固定
カネボウ,固定
カネボウ化粧品,固定
リズムラスティングウェア,
メイク下地,
化粧下地,
化粧崩れ防止,
ベースメイク,
ベースメイクアイテム,
メイクアイテム,
コスメおすすめ,
おすすめ下地,
メイク用品,
化粧ノリ,
メイク崩れ,
メイク崩れ防止,
テカリ防止,
毛穴カバー,
血色感,
ツヤ肌ベースメイク,
肌印象,
コスメ情報,
新作コスメ,
新発売コスメ,
最新コスメ,
新商品紹介,
30代メイク,
40代メイク,
大人美容,
タイムリフレッシャーv,
トワニーローション,
トワニーエマルジョン,
トライアルセット,
限定販売,
ミニサイズ,
潤いケア,
乾燥ケア,
乾燥予防,
ハリケア,
乾燥小じわ,
うるおいケア,
肌あれ,
肌のキメ,
スキンケア方法,
デイリーケア,
スキンケアルーティン,
アラサースキンケア,
アラフォースキンケア,
お試しサイズ,
お試しセット,
スキンケアアイテム,
スキンケア商品,
肌活,
肌のお手入れ,
スキンオーラジェニック,
美容液,
保湿美容液,
スキンケア用品,
保湿力,
愛用スキンケア,
肌のくすみ,
うるおい肌,
保湿スキンケア,
美容液おすすめ,
肌のハリ,
ハリツヤ,
ご褒美コスメ,
乾燥肌,
乾燥肌におすすめ,
肌悩み,
乾燥対策,
トワニーアンドミー,
デュアルウォッシュハグ,
パウダーソープハグ,
トリートメントハグ,
クレンジングオイル,
洗顔料,
洗顔パウダー,
化粧液,
ニキビ肌のスキンケア,
ニキビ悩み,
フェムケア,
肌の悩み,
皮脂汚れ,
毛穴の汚れ,
トーンアップ下地,
テカリ,
コスメ動画,
UVエアシールド,
日焼け止め,
日焼け止め乳液,
日焼け止め下地,
ウォータープルーフ,
紫外線対策,
紫外線ダメージ,
紫外線カット,
シミ予防,
花粉対策,
肌を守る,
紫外線吸収剤不使用,
子供と一緒に,
子どもと一緒に,
化粧品紹介,
センチュリーザファンデーションa,
ファンデーション,
美容液ファンデーション,
美容液ファンデ,
毎日メイク,
ファンデーション選び,
透明感メイク,
美容コスメ,
素肌美,
大人コスメ,
おすすめコスメ紹介,
ツヤ肌コスメ,
素肌感,
お気に入りコスメ,
愛用コスメ,
新作スキンケア,
新商品,
新商品発売,
スキンケアシリーズ,
スキンケア,
スキンケア情報,
肌にやさしい,
ニキビ肌,
化粧落とし,
ニキビ肌ケア,
ニキビ,
新シリーズ,
皮脂ケア,
ライン使い,
クレンジング,
メイク落とし,
クレンジングおすすめ,
メイクオフ,
スキンケアレビュー,
スキンケア動画,
ビューティリフレッシャー,
誘導美容液,
導入美容液,
ブースター美容液,
保湿ケア,
限定セット,
美容習慣,
角栓ケア,
30代スキンケア,
40代スキンケア,
春のスキンケア,
スキンケア好き,
セット商品,
美肌習慣,
スキンリピュア,
ふき取り化粧水,
新商品情報,
角栓除去,
皮脂,
毛穴ケア,
透明感肌,
毛穴の詰まり,
トワニーUVエアシールド,
トワニーUVプロテクトセラムa,
トワニーUVサンプロテクターa,
日やけ止め,
化粧品,
アイテム紹介,
UV対策,
コスメ比較,
春夏コスメ,
UVカット,
化粧水,
角栓,
毛穴のざらつき,
しっとり肌,
肌のざらつき,
最新スキンケア,
毛穴の黒ずみ,
新登場,
素肌ケア,
素肌美容,
春スキンケア,
美肌スキンケア,
デイリースキンケア,
ジェル洗顔,
毎日のスキンケア,
朝の洗顔,
ケア用品,
おうち美容,
朝のスキンケア,
おすすめ洗顔,
リフレッシュクリアソープ,
スクラブ洗顔,
スクラブ,
洗顔,
くすみ対策,
洗顔方法,
皮脂対策,
美容ルーティン,
夏スキンケア,
スキンケアおすすめ,
くすみ,
ブライトニングローション,
ブライトニングエマルジョン,
乳液,
化粧水と乳液,
おすすめスキンケア,
シミソバカス,
セリーウォーターt,
夏のスキンケア,
夏のおすすめ,
化粧水おすすめ,
ベタつき,
保湿化粧水,
肌の保湿,
保湿対策,
夏コスメ,
潤い肌,
リピートコスメ,
ブライトニングaセラム,
ブライトニングセラム,
美肌ケア,
シミ対策,
透明感のある肌,
くすみ肌,
くすみ肌対策,
ツヤ肌,
紫外線ケア,
美容好き,
リズムシームレスウェア,
ファンデ,
カバー力,
ツヤ肌メイク,
カバー力ファンデーション,
ツヤメイク,
ツヤ肌ファンデ,
くすみカバー,
大人メイク,
おすすめコスメ,
時短コスメ,
コスメ選び,
おすすめファンデーション,
垢抜けコスメ,
皮脂どけ洗顔,
洗顔おすすめ,
朝洗顔,
オススメスキンケア,
ラージサイズ,
限定アイテム,
ブライトニングαセラム,
ブライトニング,
夏おすすめ,
レフィル,
デリケートケアウォッシュ,
デリケートケアクリーム,
ベスコス,
ベスコス2024,
バズりコスメ,
ベスコス受賞,
デリケートゾーンのお手入れ,
ボディケアグッズ,
デリケートゾーンケア,
ベストコスメ,
デリケートゾーンの悩み,
ボディケア,
ボディウォッシュ,
デリケートゾーンソープ,
ボディクリーム,
バスタイム美容,
デリケートゾーン,
セルリズム,
セルリズム2025,
スキンケアクリーム,
医薬部外品,
エイジングケアクリーム,
美容クリーム,
年齢肌,
スペシャルケア,
限定コスメ,
エイジングケア化粧品,
ハリ感,
シミそばかす,
30代美容,
40代美容,
50代美容,
ほうれい線ケア,
ミニサイズコスメ,
数量限定販売,
アクアコンフォーター,
オイルレス,
シンプルスキンケア,
シンプルケア,
スキンケア紹介,
乾燥肌スキンケア,
もっちり肌,
トーニングコンディショナーt,
収れん化粧水,
ゆらぎ肌,
ゼリーウォーターt,
パック,
優秀コスメ,
ひんやり感,
ニキビ予防,
皮脂崩れ防止,
毛穴対策,
トワニーシーズナルエッセンスaAW,
おすすめ美容液,
限定発売,
乾燥,
秋のスキンケア,
集中ケア,
ごわつき,
キメ,
シミ,
ソバカス,
ソフニングコンディショナーt,
ふきとり化粧水,
拭き取り化粧水,
くすみケア,
角質ケア,
レイヤリングスキンリクイド,
新作ファンデ,
新商品コスメ,
立体感メイク,
新作情報,
季節の変わり目スキンケア,
美容液マニア,
センチュリーザローション,
センチュリージエマルジョン,
ご褒美美容,
ご褒美スキンケア,
乾燥肌ケア,
リニューアル,
リクイドファンデーション,
化粧崩れ,
タイムリフレッシャー,
新作美容液,
うるおい,
スキンケアセット,
スキンケア賞品,
ハリ肌,
そばかす,
リンクルコンセントレート,
アイクリーム,
乾燥小ジワ,
シワ対策,
しわ対策,
目元ケア,
セラムインクリーム,
乾燥肌対策,
つるつる肌,
冬のスキンケア,
センチュリープライム,
ブースター,
ハンドクリーム,
ハンドクリームおすすめ,
ベタつかないハンドクリーム,
ハンドケア,
ハンドケア用品,
手のお手入れ,
手元美人,
手肌ケア,
手荒れ,
手荒れ対策,
アンドミー,
年末のご挨拶,
クリーム,
保湿大事,
保湿アイテム,
キメ肌,
新年のご挨拶,
ミッドナイトコート,
オイル美容液,
艶肌,
睡眠美容,
ナイトケア,
なめらか肌,
シーズナルエッセンスaSS,
,
シーズナルエッセンス,
ゆらぎ,
ハリ,
春先,
保湿成分,
うるおい美肌,
春夏限定,
マイルドコンディショナーt,
ゆらぎ肌対策,
季節の変わり目,
香りを楽しむ,
香り好き,
リズムカラーウェア,
コントロールカラー,
素肌感メイク,
ブライトニングαセラムN,
しみ,
キューティクルケアシャンプー,
ボリュームメイクシャンプー,
カラーキープシャンプー,
キューティクルリペアトリートメントA,
キューティクルリペアトリートメントM,
ヘアコンク,
ヘアケア,
ヘアケア用品,
シャンプー,
トリートメント,
美髪ケア,
ヘアケアグッズ,
髪の悩み,
キューティクル,
ララブーケ,
ブラッシュフレッシュN,
チーク,
コスメ,
コスメ紹介,
チークカラー,
春コスメ,
ポイントメイク,
おすすめメイク,
べたつき,
ふっくら肌,
ドラマティックメモリー,
ほうれい線,
シワ,
たるみ,
頬のたるみ,
ナイトルーティン,
口元美容,
ざらつき,
角質,
角質除去,
透明感,
毛穴汚れ,
保湿,
フェイスケア,
化粧くずれ,
化粧くずれ防止,
美肌,
美髪,
カラーキープ,
キューティクルケア,
ダメージケア,
ヘアケアアイテム,
ツヤ髪,
ヘアケア紹介,
おすすめ化粧水,
マッドクリアクレンジング,
クリームクレンジング,
毛穴,
ザラつき,
インナードライ,
お試しコスメ,
セルリズム2026,
エイジングケア,
秋冬限定,
アイカラーフレッシュN,
アイカラーフレッシュNデュアル,
アイシャドウ,
アイカラー,
アイメイク,
おすすめアイシャドウ,
ルージュグロッシー,
リップ,
パーソナルカラー,
イエベ,
ブルべ,
フェースカラー,
ハイライト,
新色アイシャドウ,
トワニーローションN,
トワニーエマルジョンN,
ふきとり毛取水,
ボトル,
ボトルデザイン,
使い方,
化粧水の付け方,
化粧水の使い方,
テクスチャー,
スキンケア選び,
使用感,
ハリ不足,
レイヤリングルミナスフィット,
メイク動画,
メイクキープ,
モイスチャーリッチソープ,
マイルドエッセンスソープ,
美容液洗顔,
敏感肌,
クリスマスメイク,
冬メイク,
メイクレシピ,
メイク紹介,
トワニーブライトニングαセラムN,
トワニーキューティクルケアシャンプー,
トワニーキューティクルリペアトリートメントM,
トワニーヘアコンク,